"pdbid","seq","smiles","smiles_can","neg_log10_affinity_M"
"1ukb","LEIGKSILAAGVLTNYHDVGEGQPVILIHGSGPGVSAYANWRLTIPALSKFYRVIAPDMVGFGFTDRPENYNYSKDSWVDHIIGIMDALEIEKAHIVGNAFGGGLAIATALRYSERVDRMVLMGAAGTRFDVTEGLNAVWGYTPSIENMRNLLDIFAYDRSLVTDELARLRYEASIQPGFQESFSSMFPEPRQRWIDALASSDEDIKTLPNETLIIHGREDQVVPLSSSLRLGELIDRAQLHVFGRCGXWTQIEQTDRFNRLVVEFFNELEIGKSILAAGVLTNYHDVGEGQPVILIHGSGPGVSAYANWRLTIPALSKFYRVIAPDMVGFGFTDRPENYNYSKDSWVDHIIGIMDALEIEKAHIVGNAFGGGLAIATALRYSERVDRMVLMGAAGTRFDVTEGLNAVWGYTPSIENMRNLLDIFAYDRSLVTDELARLRYEASIQPGFQESFSSMFPEPRQRWIDALASSDEDIKTLPNETLIIHGREDQVVPLSSSLRLGELIDRAQLHVFGRCGHWTQIEQTDRFNRLVVEFFNE","OC(O)C1CCCCC1","OC(O)C1CCCCC1",3.19
"1uto","VGGYTXGANTVPYQVSLNSGYHFXGGSLINSQWVVSAAHXYKSGIQVRLGEDNINVVEGNEQFISASKSIVHPSYNSNTLNNDIMLIKLKSAASLNSRVASISLPTSXASAGTQXLISGWGNTKSSGTSYPDVLKXLKAPILSDSSXKSAYPGQITSNMFXAGYLEGGKDSXQGDSGGPVVXSGKLQGIVSWGSGXAQKNKPGVYTKVXNYVSWIKQTIAS","[NH3+]CCC1CCCCC1","[NH3+]CCC1CCCCC1",2.27
"1vso","LIVTTILEEPYVMYRKSDKPLYGNDRFEGYCLDLLKELSNILGFLYDVKLVPDGKYGAQWNGMVKELIDHRADLAVAPLTITYVREKVIDFSKPFMTLGISILYRKGTPIDSADDLAKQTKIEYGAVRDGSTMTFFKKSKISTYEKMWAFMSSSALVKNSDEGIQRVLTTDYALLMESTSIEYVTQRNCNLTQIGGLIDSKGYGVGTPIGSPYRDKITIAILQLQEEGKLHMMKEKWWRGNLIVTTILEEPYVMYRKSDKPLYGNDRFEGYCLDLLKELSNILGFLYDVKLVPDGKYGAQWNGMVKELIDHRADLAVAPLTITYVREKVIDFSKPFMTLGISILYRKGTPIDSADDLAKQTKIEYGAVRDGSTMTFFKKSKISTYEKMWAFMSSSALVKNSDEGIQRVLTTDYALLMESTSIEYVTQRNCNLTQIGGLIDSKGYGVGTPIGSPYRDKITIAILQLQEEGKLHMMKEKWWRGN","CC(C)(C)C1ONC(OC[PH](O)(O)O)C1C[C@H]([NH3+])C(O)O","CC(C)(C)C1ONC(OC[PH](O)(O)O)C1C[C@H]([NH3+])C(O)O",4.72
"1w6o","SGLVASNLNLKPGECLRVRGEVAPDAKSFVLNLGKDSNNLCLHFNPRFNAHGDANTIVCNSKDDGAWGTEQREAVFPFQPGSVAEVCITFDQANLTVKLPDGYEFKFPNRLNLEAINYMAADGDFKIKCVAFSGLVASNLNLKPGECLRVRGEVAPDAKSFVLNLGKDSNNLCLHFNPRFNAHGDANTIVCNSKDDGAWGTEQREAVFPFQPGSVAEVCITFDQANLTVKLPDGYEFKFPNRLNLEAINYMAADGDFKIKCVAF","OC[C@H]1O[C@@H](O)[C@H](O)[C@@H](O)[C@@H]1O[C@@H]1O[C@H](CO)[C@H](O)[C@H](O)[C@H]1O","OC[C@H]1O[C@@H](O[C@H]2[C@H](O)[C@@H](O)[C@H](O)O[C@@H]2CO)[C@H](O)[C@@H](O)[C@H]1O",3.34
"2add","IEQPYRTGYHFQPPSNWMNDPNGPMLYQGVYHFFYQYNPYAATFGDVIIWGHAVSYDLVNWIHLDPAIYPTQEADSKSCWSGSATILPGNIPAMLYTGSDSKSRQVQDLAWPKNLSDPFLREWVKHPKNPLITPPEGVKDDCFRDPSTAWLGPDGVWRIVVGGDRDNNGMAFLYQSTDFVNWKRYDQPLSSADATGTWECPDFYPVPLNSTNGLDTSVYGGSVRHVMKAGFEGHDWYTIGTYSPDRENFLPQNGLSLTGSTLDLRYDYGQFYASKSFFDDAKNRRVLWAWVPETDSQADDIEKGWAGLQSFPRALWIDRNGKQLIQWPVEEIEELRQNQVNLQNKNLKPGSVLEIHGIAASQADVTISFKLEGLKEAEVLDTTLVDPQALXNERGASSRGALGPFGLLAMASKDLKEQSAIFFRVFQNQLGRYSVLMXSDLSRSTVRSNIDTTSYGAFVDIDPRSEEISLRNLIDHSIIESFGAGGKTCITSRIYPKFVNNEEAHLFVFNNGTQNVKISEMSAWSMKNAKFVVDQ","OC[C@H]1O[C@H](O[C@]2(CO)O[C@H](CO)[C@@H](O)[C@@H]2O)[C@H](O)[C@@H](O)[C@@H]1O","OC[C@H]1O[C@@](CO)(O[C@H]2O[C@H](CO)[C@@H](O)[C@H](O)[C@H]2O)[C@@H](O)[C@@H]1O",2.46
"2arb","XDSLSFGFPTFPSDQKNLIFQGDAQIKNNAVQLTKTDSNGNPVASTVGRILFSAQVHLWEKSSSRVANFQSQFSFSLKSPLSNGADGIAFFIAPPDTTIPSGSGGGLLGLFAPGTAQNTSANQVIAVEFDTFYAQDSNTWDPNYPHIGIDVNSIRSVKTVKWDRRDGQSLNVLVTFNPSTRNLDVVATYSDGTRYEVSYEVDVRSVLPEWVRVGFSAASGEQYQTHTLESWSFTSTLLYXDSLSFGFPTFPSDQKNLIFQGDAQIKNNAVQLTKTDSNGNPVASTVGRILFSAQVHLWEKSSSRVANFQSQFSFSLKSPLSNGADGIAFFIAPPDTTIPSGSGGGLLGLFAPGTAQNTSANQVIAVEFDTFYAQDSNTWDPNYPHIGIDVNSIRSVKTVKWDRRDGQSLNVLVTFNPSTRNLDVVATYSDGTRYEVSYEVDVRSVLPEWVRVGFSAASGEQYQTHTLESWSFTSTLLY","CC(O)N[C@H]1[C@H](O[C@@H]2[C@@H](O)O[C@H](CO)[C@@H](O)[C@@H]2O)O[C@H](CO)[C@@H](O)[C@@H]1O","CC(O)N[C@H]1[C@H](O[C@H]2[C@@H](O)[C@H](O)[C@@H](CO)O[C@@H]2O)O[C@H](CO)[C@@H](O)[C@@H]1O",4.41
"2are","XDSLSFGFPTFPSDQKNLIFQGDAQIKNNAVQLTKTDSNGNPVASTVGRILFSAQVHLWEKSSSRVANFQSQFSFSLKSPLSNGADGIAFFIAPPDTTIPSGSGGGLLGLFAPGTAQNTSANQVIAVEFDTFYAQDSNTWDPNYPHIGIDVNSIRSVKTVKWDRRDGQSLNVLVTFNPSTRNLDVVATYSDGTRYEVSYEVDVRSVLPEWVRVGFSAASGEQYQTHTLESWSFTSTLLYXDSLSFGFPTFPSDQKNLIFQGDAQIKNNAVQLTKTDSNGNPVASTVGRILFSAQVHLWEKSSSRVANFQSQFSFSLKSPLSNGADGIAFFIAPPDTTIPSGSGGGLLGLFAPGTAQNTSANQVIAVEFDTFYAQDSNTWDPNYPHIGIDVNSIRSVKTVKWDRRDGQSLNVLVTFNPSTRNLDVVATYSDGTRYEVSYEVDVRSVLPEWVRVGFSAASGEQYQTHTLESWSFTSTLLY","OC[C@H]1O[C@H](O)[C@@H](O)[C@@H](O)[C@@H]1O","OC[C@H]1O[C@H](O)[C@@H](O)[C@@H](O)[C@@H]1O",3.28
"2b3f","KLEIFSWWAGDEGPALEALIRLYKQKYPGVEVINATVTGGAGVNARAVLKTRMLGGDPPDTFQVHAGMELIGTWVVANRMEDLSALFRQEGWLQAFPKGLIDLISYKGGIWSVPVNIHRSNVMWYLPAKLKGWGVNPPRTWDKFLATCQTLKQKGLEAPLALGENWTQQHLWESVALAVLGPDDWNNLWNGKLKFTDPKAVRAWEVFGRVLDCANKDAAGLSWQQAVDRVVQGKAAFNIMGDWAAGYMTTTLKLKPGTDFAWAPSPGTQGVFMMLSDSFGLPKGAKNRQNAINWLRLVGSKEGQDTSNPLKGSIAARLDSDPSKYNAYGQSAMRDWRSNRIVGSLVHGAVAPESFMSQFGTVMEIFLQTRNPQAAANAAQAIADQVGLGR","OC[C@H]1O[C@@H](O)[C@H](O)[C@@H](O)[C@H]1O","OC[C@H]1O[C@@H](O)[C@H](O)[C@@H](O)[C@H]1O",6.03
"2bbf","PRFSFSIAAREGKARTGTIEMKRGVIRTPAFMPVGTAATVKALKPETVRATGADIILGNTYHLMLRPGAERIAKLGGLHSFMGWDRPILTDSGGYQVMSLTKQSEEGVTFKSHLSRHMLSPERSIEIQHLLGSDIVMAFDECTPYPATPSRAASSMERSMRWAKRSRDAFDSRKEQAENAALFGIQQGSVFENLRQQSADALAEIGFDGYAVGGLAVGEGQDEMFRVLDFSVPMLPDDKPHYLMGVGKPDDIVGAVERGIDMFDCVLPTRSGRNGQAFTWDGPINIRNARFSEDLKPLDSEXHXAVXQKWSRAYIHHLIRAGEILGAMLMTEXNIAFYQQLMQKIRDSISEGRFSQFAQDFRARY","NC1NC(O)C2CC3NCNC3CC2N1","NC1NC(O)C2CC3NCNC3CC2N1",5.1
"2cjp","IEHKMVAVNGLNMHLAELGEGPTILFIHGFPELWYSWRHQMVYLAERGYRAVAPDLRGYGDTTGAPLNDPSKFSILHLVGDVVALLEAIAPNEEKVFVVAHDWGALIAWHLCLFRPDKVKALVNLSVHFSKRNPKMNVVEGLKAIYGEDHYISRFQVPGEIEAEFAPIGAKSVLKKILTYRDPAPFYFPKGKGLEAIPDAPVALSSWLSEEELDYYANKFEQTGFTGAVNYYRALPINWELTAPWTGAQVKVPTKFIVGEFDLVYHIPGAKEYIHNGGFKKDVPLLEEVVVLEGAAHFVSQERPHEISKHIYDFIQK","CCCC(CCC)C(N)O","CCCC(CCC)C(N)O",3.1
"2idz","GLLDGKRILVSGIITDSSIAFHIARVAQEQGAQLVLTGFDRLRLIQRITDRLPAKAPLLELDVQNEEHLASLAGRVTEAIGAGNKLDGVVHSIGFMPQTGMGINPFFDAPYADVSKGIHISAYSYASMAKALLPIMNPGGSIVGMDFDPSRAMPAYNWMTVAKSALESVNRFVAREAGKYGVRSNLVAAGPIRTLAMSAIVGGALGEEAGAQIQLLEEGWDQRAPIGWNMKDATPVAKTVCALLSDWLPATTGDIIYADGGAHTQLGLLDGKRILVSGIITDSSIAFHIARVAQEQGAQLVLTGFDRLRLIQRITDRLPAKAPLLELDVQNEEHLASLAGRVTEAIGAGNKLDGVVHSIGFMPQTGMGINPFFDAPYADVSKGIHISAYSYASMAKALLPIMNPGGSIVGMDFDPSRAMPAYNWMTVAKSALESVNRFVAREAGKYGVRSNLVAAGPIRTLAMSAIVGGALGEEAGAQIQLLEEGWDQRAPIGWNMKDATPVAKTVCALLSDWLPATTGDIIYADGGAHTQLGLLDGKRILVSGIITDSSIAFHIARVAQEQGAQLVLTGFDRLRLIQRITDRLPAKAPLLELDVQNEEHLASLAGRVTEAIGAGNKLDGVVHSIGFMPQTGMGINPFFDAPYADVSKGIHISAYSYASMAKALLPIMNPGGSIVGMDFDPSRAMPAYNWMTVAKSALESVNRFVAREAGKYGVRSNLVAAGPIRTLAMSAIVGGALGEEAGAQIQLLEEGWDQRAPIGWNMKDATPVAKTVCALLSDWLPATTGDIIYADGGAHTQLGLLDGKRILVSGIITDSSIAFHIARVAQEQGAQLVLTGFDRLRLIQRITDRLPAKAPLLELDVQNEEHLASLAGRVTEAIGAGNKLDGVVHSIGFMPQTGMGINPFFDAPYADVSKGIHISAYSYASMAKALLPIMNPGGSIVGMDFDPSRAMPAYNWMTVAKSALESVNRFVAREAGKYGVRSNLVAAGPIRTLAMSAIVGGALGEEAGAQIQLLEEGWDQRAPIGWNMKDATPVAKTVCALLSDWLPATTGDIIYADGGAHTQL","NC1NCNC2C1NCN2[C@@H]1O[C@H](CO[PH](O)(O)O[PH](O)(O)OC[C@H]2O[C@@H](N3CC[C@H]([C@@H](O)C4CCNCC4)[C@@H]([C@@H](N)O)C3)[C@H](O)[C@@H]2O)[C@@H](O)[C@H]1O","NC1NCNC2C1NCN2[C@@H]1O[C@H](CO[PH](O)(O)O[PH](O)(O)OC[C@H]2O[C@@H](N3CC[C@H]([C@@H](O)C4CCNCC4)[C@@H]([C@@H](N)O)C3)[C@H](O)[C@@H]2O)[C@@H](O)[C@H]1O",9.4
"2ihk","KTITLYLDPASLPALNQLMDFTQNNEDKTHPRIFGLSRFKIPDNIITQYQNIHFVELKDNRPTEALFTILDQYPGNIELNIHLNIAHSVQLIRPILAYRFKHLDRVSIQQLNLYDDGSMEYVDLEKEENKDISAEIKQAEKQLSHYLLTGKIKFDNPTIARYVWQSAFPVKYHFLSTDYFEKAEFLQPLKEYLAENYQKMDWTAYQQLTPEQQAFYLTLVGFNDEVKQSLEVQQAKFIFTGTTTWEGNTDVREYYAQQQLNLLNHFTQAEGDLFIGDHYKIYFKGXPRGGEINDYILNNAKNITNIPANISFEVLMMTGLLPDKVGGVASSLYFSLPKEKISHIIFTNNPYVKVMRRLGIIDESQVIFWDSLKQ","CC(O)N[C@@H]1[C@@H](O)[C@H](F)[C@@](O[PH](O)(O)OC[C@H]2O[C@@H](N3CCC(N)NC3O)[C@H](O)[C@@H]2O)(C(O)O)O[C@H]1[C@H](O)[C@H](O)CO","CC(O)N[C@@H]1[C@@H](O)[C@H](F)[C@@](O[PH](O)(O)OC[C@H]2O[C@@H](N3CCC(N)NC3O)[C@H](O)[C@@H]2O)(C(O)O)O[C@H]1[C@H](O)[C@H](O)CO",4.16
"2ilz","EIQWMRPSKEVGYPIINAPSKTKLEPSAFHYVFEGVKEPAVLTKNDPRLKTDFEEAIFSKYVGNKITEVDEYMKEAVDHYAGQLMSLDINTEQMCLEDAMYGTDGLEALDLSTSAGYPYVAMGKKKRDILNKQTRDTKEMQKLLDTYGINLPLVTYVKDELRSKTKVEQGKSRLIEASSLNDSVAMRMAFGNLYAAFHKNPGVITGSAVGCDPDLFWSKIPVLMEEKLFAFDYTGYDASLSPAWFEALKMVLEKIGFGDRVDYIDYLNHSHHLYKNKTYCVKGGMPSGCSGTSIFNSMINNLIIRTLLLKTYKGIDLDHLKMIAYGDDVIASYPHEVDASLLAQSGKDYGLTMTPADKSATFETVTWENVTFLKRFFRADEKYPFLIHPVMPMKEIHESIRWTKDPRNTQDHVRSLCLLAWHNGEEEYNKFLAKIRSVPIGRALDLPEYSTLYDRWLDS","NC1NC(O)C2NCN([C@@H]3O[C@H](CO[PH](O)(O)O[PH](O)(O)O[PH](O)(O)O)[C@@H](O)[C@H]3O)C2N1","NC1NC(O)C2NCN([C@@H]3O[C@H](CO[PH](O)(O)O[PH](O)(O)O[PH](O)(O)O)[C@@H](O)[C@H]3O)C2N1",5.4
"2jdu","TQGVFTLPANTRFGVTAFANSSNTQTVNVLVNNETAATFSGQSTNNAVIGTQVLNSGSSGKVQVQVSVNGRPSDLVSAQVILTNELNFALVGSEDGTDNDYNDAVVVINWPLTQGVFTLPANTRFGVTAFANSSNTQTVNVLVNNETAATFSGQSTNNAVIGTQVLNSGSSGKVQVQVSVNGRPSDLVSAQVILTNELNFALVGSEDGTDNDYNDAVVVINWPLTQGVFTLPANTRFGVTAFANSSNTQTVNVLVNNETAATFSGQSTNNAVIGTQVLNSGSSGKVQVQVSVNGRPSDLVSAQVILTNELNFALVGSEDGTDNDYNDAVVVINWPLTQGVFTLPANTRFGVTAFANSSNTQTVNVLVNNETAATFSGQSTNNAVIGTQVLNSGSSGKVQVQVSVNGRPSDLVSAQVILTNELNFALVGSEDGTDNDYNDAVVVINWPL","CO[C@@H]1O[C@@H](C)[C@@H](O)[C@@H](O)[C@@H]1O","CO[C@@H]1O[C@@H](C)[C@@H](O)[C@@H](O)[C@@H]1O",6.72
"2jdy","TQGVFTLPANTRFGVTAFANSSNTQTVNVLVNNETAATFSGQSTNNAVIGTQVLNSGSSGKVQVQVSVNGRPSDLVSAQVILTNELNFALVGSEDGTDNDYNDAVVVINWPLTQGVFTLPANTRFGVTAFANSSNTQTVNVLVNNETAATFSGQSTNNAVIGTQVLNSGSSGKVQVQVSVNGRPSDLVSAQVILTNELNFALVGSEDGTDNDYNDAVVVINWPLTQGVFTLPANTRFGVTAFANSSNTQTVNVLVNNETAATFSGQSTNNAVIGTQVLNSGSSGKVQVQVSVNGRPSDLVSAQVILTNELNFALVGSEDGTDNDYNDAVVVINWPLTQGVFTLPANTRFGVTAFANSSNTQTVNVLVNNETAATFSGQSTNNAVIGTQVLNSGSSGKVQVQVSVNGRPSDLVSAQVILTNELNFALVGSEDGTDNDYNDAVVVINWPL","CO[C@H]1O[C@H](CO)[C@@H](O)[C@H](O)[C@@H]1O","CO[C@H]1O[C@H](CO)[C@@H](O)[C@H](O)[C@@H]1O",4.37
"2jff","DYQGKNVVIIGLGLTGLSCVDFFLARGVTPRVMDTRMTPPGLDKLPEAVERHTGSLNDEWLMAADLIVASPGIALAHPSLSAAADAGIEIVGDIELFCREAQAPIVAITGSNGKSTVTTLVGEMAKAAGVNVGVGGNIGLPALMLLDDECELYVLELSSFQLETTSSLQAVAATILNVTEDHMDRYPFGLQQYRAAXLRIYENAKVXVVNADDALTMPIRRXVSFGVNMGDYHLNHQETWLRVKGEKVLNVKEMKLSGQHNYTNALAALALADAAGLPRASSLKALTTFTGLPHRFEVVLEHNGVRWINDSKATNVGSTEAALNGLHVDGTLHLLLGGDGKSADFSPLARYLNGDNVRLYCFGRDGAQLAALRPEVAEQTETMEQAMRLLAPRVQPGDMVLLSPACASLDQFKNFEQRGNEFARLAKELGS","CCCCOC1CCC2CC(S(O)(O)N[C@H](CCC(O)O)C(O)O)CCC2C1","CCCCOC1CCC2CC(S(O)(O)N[C@H](CCC(O)O)C(O)O)CCC2C1",3.62
"2jgb","AVVPGPAEHPLQYNYTFWYSRRTPGRPTSSQSYEQNIKQIGTFASVEQFWRFYSHMVRPGDLTGXSDFHLFKEGIKPMWEDDANKNGGKWIIRLRKGLASRCWENLILAMLGEQFMVGEEICGAVVSVRFQEDIISIWNKTASDQATTARIRDTLRRVLNLPPNTIMEYKTHTDSIKMPGPQRLLIIYDRKFLMECRNS","CN1CN([C@@H]2O[C@H](CO[PH](O)(O)O[PH](O)(O)O[PH](O)(O)O)[C@@H](O)[C@H]2O)C2NC(N)NC(O)C21","CN1CN([C@@H]2O[C@H](CO[PH](O)(O)O[PH](O)(O)O[PH](O)(O)O)[C@@H](O)[C@H]2O)C2NC(N)NC(O)C21",5.61
"2otz","NIFEMLRIDEGLRLKIYKDTEGYYTIGIGHLLTKSPSLNAAKSELDKAIGRNTNGVITKDEAEKLFNQDVDAAVRGILRNAKLKPVYDSLDAVRRAAAINMVFQMGETGVAGFTNSLRMLQQKRWDEAAVNLAKSRWYNQTPNRAKRVITTFRTGTWDAY","CNC1CCCCC1","CNC1CCCCC1",3.63
"2ou0","NIFEMLRIDEGLRLKIYKDTEGYYTIGIGHLLTKSPSLNAAKSELDKAIGRNTNGVITKDEAEKLFNQDVDAAVRGILRNAKLKPVYDSLDAVRRAAAINMVFQMGETGVAGFTNSLRMLQQKRWDEAAVNLAKSRWYNQTPNRAKRVITTFRTGTWDAY","CN1CCCC1","CN1CCCC1",3.23
"2p3t","LXSLDNGDXDQFXHEEQNSVVXSXARGYTLADNGKAXIPTGPYPXGKQTLVGGQEXKDGEXPWQALLINEENEGFXGGTILSEFYILTAAXXLYQAKRFKVRVGDRNTEQEGEAVHEVEVVIKHNRFTKETYDFDIAVLRLKTPITFRMNVAPAXLPERDWAESTLMTQKTGIVSGFGRTHEKGRQSTRLKMLEVPYVDRNSXKLSSSFIITQNMFXAGYDTKQEDAXQGDSGGPHVTRFKDTYFVTGIVSWGEGXARKGKYGIYTKVTAFLKWIDRSM","CNC1NCCN1CC1CSC(C(O)NC2C(OC)CC(Cl)CC2C(O)NC2CC[C@@H](Cl)CN2)C1Cl","CNC1NCCN1CC1CSC(C(O)NC2C(OC)CC(Cl)CC2C(O)NC2CC[C@@H](Cl)CN2)C1Cl",11.3
"2p4y","PESADLRALAKHLYDSYIKSFPLTKAKARAILTKSPFVIYDMNSIRIFQGCQFRSVEAVQEITEYAKSIPGFVNLDLNDQVTLLKYGVHEIIYTMLASLMNKDGVLISEGQGFMTREFLKSLRKPFGDFMEPKFEFAVKFNALELDDSDLAIFIAVIILSGDRPGLLNVKPIEDIQDNLLQALELQLKLNHPESSQLFAKLLQKMTDLRQIVTEHVQLLQVIKKTETDMSLXPLLQEIYKDLDLRALAKHLYDSYIKSFPLTKAKARAILSPFVIYDMNSAIRIFQGCQFRSVEAVQEITEYAKSIPGFVNLDLNDQVTLLKYGVHEIIYTMLASLMNKDGVLISEGQGFMTREFLKSLRKPFGDFMEPKFEFAVKFNALELDDSDLAIFIAVIILSGDRPGLLNVKPIEDIQDNLLQALELQLKLNHPESSQLFAKLLQKMTDLRQIVTEHVQLLXPLLQEIYKDL","COC1CCC2C(C1)ONC2C1C2CCC(OC(F)(F)F)CC2N(CC2CC(O[C@H](C)C(O)O)CCC2Cl)C1C","COC1CCC2C(C1)ONC2C1C2CCC(OC(F)(F)F)CC2N(CC2CC(O[C@H](C)C(O)O)CCC2Cl)C1C",9.
"2pjo","PIINFTTAGATVQSYTNFIRAVRGRLTTGADVRHEIPVLPNRVGLPINQRFILVELSNHAELSVTLALDVTNAYVVGYRAGNSAYFFHPDNQEDAEAITHLFTDVQNRYTFAFGGNYDRLEQLAGNLRENIELGNGPLEEAISALYYYSTGGTQLPTLARSFIICIQMISEAARFQYIEGEMRTRIRYNRRSAPDPSVITLENSWGRLSTAIQESNQGAFASPIQLQRRNGSKFSVYDVSILIPIIALMVYRCAPP","CNC(N)O","CNC(N)O",0.05
"2pog","ALSLTADQMVSALLDAEPPILYSEYASMMGLLTNLADRELVHMINWAKRVPGFVDLTLHDQVHLLESAWLEILMIGLVWRSMEHPGKLLFAPNLLLDRNQGKSVEGMVEIFDMLLATSSRFRMMNLQGEEFVCLKSIILLNSGVYTFLSSTLKSLEEKDHIHRVLDKITDTLIHLMAKAGLTLQQQHQRLAQLLLILSHIRHMSNKGMEHLYSMKVPLYDLLLEMLDAHRLALSLTADQMVSALLDAEPPILYSESMMGLLTNLADRELVHMINWAKRVPGFVDLTLHDQVHLLESAWLEILMIGLVWRSMEHPGKLLFAPNLLLDRNQGKSVEGMVEIFDMLLATSSRFRMMNLQGEEFVCLKSIILLNSGVYTFSTLKSLEEKDHIHRVLDKITDTLIHLMAKAGLTLQQQHQRLAQLLLILSHIRHMSNKGMEHLYS","OC1CCC([C@@H]2OC3CCCC(O)C3[C@@H]3CCC[C@H]23)CC1","OC1CCC([C@@H]2OC3CCCC(O)C3[C@@H]3CCC[C@@H]32)CC1",9.54
"2pzv","LPTAQEVQGLMARYIELVDVGDIEAIVQMYADDATVENPFGQPPIHGREQIAAFYRQGLKVRACLTGPVRASHNGCGAMPFRVEMVWNGQPCALDVIDVMRFDEHGRIQTMQAYWSEVNLSLPTAQEVQGLMARYIELVDVGDIEAIVQMYADDATVENPFGQPPIHGREQIAAFYRQGLKVRACLTGPVRASHNGCGAMPFRVEMVWNGQPCALDVIDVMRFDEHGRIQTMQAYWSEVNLS","OC1CCCCC1","OC1CCCCC1",3.87
"2q3c","SIAEDITQLIGRTPLVRLRRVTDGAVADIVAKLEFFNPANSVXDRIGVAMLQAAEQAGLIKPDTIILEPTSGNTGIALAMVCAARGYRCVLTMPETMSLERRMLLRAYGAELILTPGADGMSGAIAKAEELAKTDQRYFVPQQFENPANPAIHRVTTAEEVWRDTDGKVDIVVAGVGTGGTITGVAQVIKERKPSARFVAVEPAASPVLSGGQKGPHPIQGIGAGFVPPVLDQDLVDEIITVGNEDALNVARRLAREEGLLVGISSGAATVAALQVARRPENAGKLIVVVLPDFGERYSIAEDITQLIGRTPLVRLRRVTDGAVADIVAKLEFFNPANSVXDRIGVAMLQAAEQAGLIKPDTIILEPTSGNTGIALAMVCAARGYRCVLTMPETMSLERRMLLRAYGAELILTPGADGMSGAIAKAEELAKTDQRYFVPQQFENPANPAIHRVTTAEEVWRDTDGKVDIVVAGVGTGGTITGVAQVIKERKPSARFVAVEPAASPVLSGGQKGPHPIQGIGAGFVPPVLDQDLVDEIITVGNEDALNVARRLAREEGLLVGISSGAATVAALQVARRPENAGKLIVVVLPDFGERY","CC[C@H](C)[C@H](NC(O)[C@H](CO)NC(O)[C@H](CC1CCCCC1)NC(O)[C@@H]([NH3+])CC(O)O)C(O)O","CC[C@H](C)[C@H](NC(O)[C@H](CO)NC(O)[C@H](CC1CCCCC1)NC(O)[C@@H]([NH3+])CC(O)O)C(O)O",5.3
"2q6m","SHMAVITPQGVTNWTYQELEATHQALTREGYVFVGYHGTNHVAAQTIVNRIAPVTENEEKWGGLYVATHAEVAHGYARIKEGTGEYGLPTRAERDARGVMLRVYIPRASLERFYRTNTPLENAEEHITQVIGHSLPLRNEAFTGPESAGGEDETVIGWDMAIHAVAIPSTIPGNAYEELAIDEEAVAKEQSISTKPPYK","C[NH+](C)C[C@H](O)NC1CCC2NC(O)[C@@H]3CCCCC3C2C1","C[NH+](C)C[C@H](O)NC1CCC2NC(O)[C@@H]3CCCCC3C2C1",6.29
"2qbq","MEKEFEQIDKSGSWAAIYQDIRHEASDFPCRVAKLPKNKNRNRYRDVSPFDHSRIKLHQEDNDYINASLIKMEEAQRSYILTQGPLPNTCGHFWEMVWEQKSRGVVMLNRVMEKGSLKCAQYWPQKEEKEMIFEDTNLKLTLISEDIKSYYTVRQLELENLTTQETREILHFHYTTWPDFGVPESPASFLNFLFKVRESGSLSPEHGPVVVHCSAGIGRSGTFCLADTCLLLMDKRKDPSSVDIKKVLLEMRKFRMGLIQTADQLRFSYLAVIEGAKFIMGDSSVQDQWKELSHE","CC1(C)CC(NC2CCC[C@H](C3S[C@H](C(O)O)[C@@H](OCC(O)O)C3Br)C2)CC(C)(C)C1","CC1(C)CC(NC2CCC[C@H](C3S[C@H](C(O)O)[C@@H](OCC(O)O)C3Br)C2)CC(C)(C)C1",7.44
"2qbr","MEKEFEQIDKSGSWAAIYQDIRHEASDFPCRVAKLPKNKNRNRYRDVSPFDHSRIKLHQEDNDYINASLIKMEEAQRSYILTQGPLPNTCGHFWEMVWEQKSRGVVMLNRVMEKGSLKCAQYWPQKEEKEMIFEDTNLKLTLISEDIKSYYTVRQLELENLTTQETREILHFHYTTWPDFGVPESPASFLNFLFKVRESGSLSPEHGPVVVHCSAGIGRSGTFCLADTCLLLMDKRKDPSSVDIKKVLLEMRKFRMGLIQTADQLRFSYLAVIEGAKFIMGDSSVQDQWKELSHED","OC(O)COC1C(Br)C(C2CCCC(NCC3CCCCC3)C2)SC1C(O)O","OC(O)COC1C(Br)C(C2CCCC(NCC3CCCCC3)C2)SC1C(O)O",6.33
"2qeh","ETVQDXENKLPPSLKSRLXEIRRYEIIEGPEMDKHIHXVMRALDFVYEDGRGDYHKLYDPLNIIELDKRHDVNLEKXIGECVQVPTSERAHVFYKXLLKSTTGRTFKKVFDLMELKKAGKVPQHQRYTAEFVQIMKDYDKALN","[NH3+]CCC1CNC2CCC(O)CC12","[NH3+]CCC1CNC2CCC(O)CC12",8.62
"2qmj","NELERINXIPDQPPTKATXDQRGXCWNPQGAVSVPWXYYSKNHSYHVEGNLVNTNAGFTARLKNLPSSPVFGSNVDNVLLTAEYQTSNRFHFKLTDQTNNRFEVPHEHVQSFSGNAAASLTYQVEISRQPFSIKVTRRSNNRVLFDSSIGPLLFADQFLQLSTRLPSTNVYGLGEHVHQQYRHDMNWKTWPIFNRDTTPNGNGTNLYGAQTFFLCLEDASGLSFGVFLMNSNAMEVVLQPAPAITYRTIGGILDFYVFLGNTPEQVVQEYLELIGRPALPSYWALGFHLSRYEYGTLDNMREVVERNRAAQLPYDVQHADIDYMDERRDFTYDSVDFKGFPEFVNELHNNGQKLVIIVDPAISNNSSSSKPYGPYDRGSDMKIWVNSSDGVTPLIGEVWPGQTVFPDYTNPNCAVWWTKEFELFHNQVEFDGIWIDMNEVSNFVDGSVSGXSTNNLNNPPFTPRILDGYLFCKTLXMDAVQHWGKQYDIHNLYGYSMAVATAEAAKTVFPNKRSFILTRSTFAGSGKFAAHWLGDNTATWDDLRWSIPGVLEFNLFGIPMVGPDIXGFALDTPEELXRRWMQLGAFYPFSRNHNGQGYKDQDPASFGADSLLLNSSRHYLNIRYTLLPYLYTLFFRAHSRGDTVARPLLHEFYEDNSTWDVHQQFLWGPGLLITPVLDEGAEKVMAYVPDAVWYDYETGSQVRWRKQKVEMELPGDKIGLHLRGGYIFPTQQPNTTTLASRKNPLGLIIALDENKEAKGELFWDDGETKDTVANKVYLLCEFSVTQNRLEVNISQSTYKDPNNLAFNEIKILGTEEPSNVTVKHNGVPS","C[C@H]1O[C@H](O[C@@H]2[C@@H](CO)O[C@H](O[C@@H]3[C@@H](CO)O[C@H](O)[C@H](O)[C@H]3O)[C@H](O)[C@H]2O)[C@H](O)[C@@H](O)[C@@H]1[NH2+][C@H]1CC(CO)[C@@H](O)[C@H](O)[C@H]1O","C[C@H]1O[C@H](O[C@H]2[C@H](O)[C@@H](O)[C@@H](O[C@H]3[C@H](O)[C@@H](O)[C@@H](O)O[C@@H]3CO)O[C@@H]2CO)[C@H](O)[C@@H](O)[C@@H]1[NH2+][C@H]1CC(CO)[C@@H](O)[C@H](O)[C@H]1O",4.21
"2qnq","QITLWQRPLVTIKIGGQLKEALLDTGADDTVLEEMSLPGRWKPKMIGGIGGFIKVRQYDQILIEICGHKAIGTVLVGPTPVNIIGRNLLTQIGCTLNQITLWQRPLVTIKIGGQLKEALLDTGADDTVLEEMSLPGRWKPKMIGGIGGFIKVRQYDQILIEICGHKAIGTVLVGPTPVNIIGRNLLTQIGCTLN","OS(O)(C1CCCCC1Cl)N(CC1CCCCC1)[C@H]1C[NH2+]C[C@@H]1N(CC1CCCCC1)S(O)(O)C1CCCCC1Cl","OS(O)(C1CCCCC1Cl)N(CC1CCCCC1)[C@H]1C[NH2+]C[C@@H]1N(CC1CCCCC1)S(O)(O)C1CCCCC1Cl",6.11
"2qvu","IVTLTRFVMEEGRKARGTGEMTQLLNSLCTAVKAISTAVRKAGIAHLYGIAGSTNVTGDQVKKLDVLSNDLVINVLKSSFATCVLVSEEDKNAIIVEPEKRGKYVVCFDPLDGSSNIDCLVSIGTIFGIYRKNSTDEPSEKDALQPGRNLVAAGYALYGSATMLVLAMVNGVNCFMLDPAIGEFILVDRDVKIKKKGSIYSINEGYAKEFDPAITEYIQRKKFPPDNSAPYGARYVGSMVADVHRTLVYGGIFMYPANKKSPKGKLRLLYECNPMAYVMEKAGGLATTGKEAVLDIVPTDIHQRAPIILGSPEDVTELLEIYQKHAAIVTLTRFVMEEGRKARGTGEMTQLLNSLCTAVKAISTAVRKAGIAHLYGIAGSTNVTGDQVKKLDVLSNDLVINVLKSSFATCVLVSEEDKNAIIVEPEKRGKYVVCFDPLDGSSNIDCLVSIGTIFGIYRKNSTDEPSEKDALQPGRNLVAAGYALYGSATMLVLAMVNGVNCFMLDPAIGEFILVDRDVKIKKKGSIYSINEGYAKEFDPAITEYIQRKKFPPDNSAPYGARYVGSMVADVHRTLVYGGIFMYPANKKSPKGKLRLLYECNPMAYVMEKAGGLATTGKEAVLDIVPTDIHQRAPIILGSPEDVTELLEIYQKHAAIVTLTRFVMEEGRKARGTGEMTQLLNSLCTAVKAISTAVRKAGIAHLYGIAGSTNVTGDQVKKLDVLSNDLVINVLKSSFATCVLVSEEDKNAIIVEPEKRGKYVVCFDPLDGSSNIDCLVSIGTIFGIYRKNSTDEPSEKDALQPGRNLVAAGYALYGSATMLVLAMVNGVNCFMLDPAIGEFILVDRDVKIKKKGSIYSINEGYAKEFDPAITEYIQRKKFPPDNSAPYGARYVGSMVADVHRTLVYGGIFMYPANKKSPKGKLRLLYECNPMAYVMEKAGGLATTGKEAVLDIVPTDIHQRAPIILGSPEDVTELLEIYQKHAAIVTLTRFVMEEGRKARGTGEMTQLLNSLCTAVKAISTAVRKAGIAHLYGIAGSTNVTGDQVKKLDVLSNDLVINVLKSSFATCVLVSEEDKNAIIVEPEKRGKYVVCFDPLDGSSNIDCLVSIGTIFGIYRKNSTDEPSEKDALQPGRNLVAAGYALYGSATMLVLAMVNGVNCFMLDPAIGEFILVDRDVKIKKKGSIYSINEGYAKEFDPAITEYIQRKKFPPDNSAPYGARYVGSMVADVHRTLVYGGIFMYPANKKSPKGKLRLLYECNPMAYVMEKAGGLATTGKEAVLDIVPTDIHQRAPIILGSPEDVTELLEIYQKHAA","OC[C@@]1(O[PH](O)(O)O)O[C@H](CO[PH](O)(O)O)[C@@H](O)[C@@H]1O","OC[C@@]1(O[PH](O)(O)O)O[C@H](CO[PH](O)(O)O)[C@@H](O)[C@@H]1O",6.44
"2r3d","PIINFTTAGATVQSYTNFIRAVRGRLTTGADVRHEIPVLPNRVGLPINQRFILVELSNHAELSVTLALDVTNAYVVGYRAGNSAYFFHPDNQEDAEAITHLFTDVQNRYTFAFGGNYDRLEQLAGNLRENIELGNGPLEEAISALYYYSTGGTQLPTLARSFIICIQMISEAARFQYIEGEMRTRIRYNRRSAPDPSVITLENSWGRLSTAIQESNQGAFASPIQLQRRNGSKFSVYDVSILIPIIALMVYRCAPP","CC(N)O","CC(N)O",-0.15
"2rca","PKLRVVTLVEHPFVFTRESDEDGQXPAGQLXLDPGTNDSARLDALFAALVNGSVPRTLRRXXYGYCIDLLERLAEDLAFDFELYIVGDGKYGALRDGRWTGLVGDLLAGRAHMAVTSFSINSARSQVVDFTSPFFSTSLGIMVRTRGTELSGIHDPKLHHPSQGFRFGTVWESSAEAYIKASFPEMHAHMRRHSAPTTPHGVAMLTSDPPKLNAFIMDKSLLDYEVSIDADCKLLTVGKPFAIEGYGIGLPQNSPLTSNLSEFISRYKSSGFIDLLHDKW","[NH3+]CC(O)O","[NH3+]CC(O)O",7.79
"2rde","STINSTDALAMVEHSSELTLSITTPVGTKFVCRTPFIGTHTDKFLLVEMPKISADDLQYFFQEGFWMNIRAISPRGEGALIHFRSQLMHILQEPVPMAFLSIPNTMQVSQLRKEPRFELNLAGKVLFDEHRGDCELRDLSRSGCRFITPPLGKTYQVGDLVALEIFSDLRGTKTFPPLTGKICNLQRSLHHARYGLEFNEEGRNNAKNLLAQLKFNGTKLTLVSTINSTDALAMVEHSSELTLSITTPVGTKFVCRTPFIGTHTDKFLLVEMPKISADDLQYFFQEGFWMNIRAISPRGEGALIHFRSQLMHILQEPVPMAFLSIPNTMQVSQLRKEPRFELNLAGKVLFDEHRGDCELRDLSRSGCRFITPPLGKTYQVGDLVALEIFSDLRGTKTFPPLTGKICNLQRSLHHARYGLEFNEEGRNNAKNLLAQLKFNGTKLTL","NC1NC(O)C2NCN([C@@H]3O[C@@H]4CO[PH](O)(O)O[C@@H]5[C@@H](CO[PH](O)(O)O[C@H]4[C@H]3O)O[C@@H](N3CNC4C(O)NC(N)NC43)[C@@H]5O)C2N1","NC1NC(O)C2NCN([C@@H]3O[C@@H]4CO[PH](O)(O)O[C@H]5[C@@H](O)[C@H](N6CNC7C(O)NC(N)NC76)O[C@@H]5CO[PH](O)(O)O[C@H]4[C@H]3O)C2N1",7.01
"2v7t","PIIAFMSDLGTTDDSVAQCKGLMYSICPDVTVVDVCHSMTPWDVEEGARYIVDLPRFFPEGTVFATTTYPATGTTTRSVAVRIKQAAKGGARGQWAGSGAGFERAEGSYIYIAPNNGLLTTVLEEHGYLEAYEVTSPKVIPEQPEPTFYGREMVAIPSAHLAAGFPLSEVGRPLEDHEIVRFNRPAVEQDGEALVGVVSAIDXPFGNVWTNIHRTDLEKAGIGYGARLRLTLDGVLPFEAPLTPTFADAGEIGNIAIYLNSRGYLSIARNAASLAYPYHLKEGMSARVEPIIAFMSDLGTTDDSVAQCKGLMYSICPDVTVVDVCHSMTPWDVEEGARYIVDLPRFFPEGTVFATTTYPATGTTTRSVAVRIKQAAKGGARGQWAGSGAGFERAEGSYIYIAPNNGLLTTVLEEHGYLEAYEVTSPKVIPEQPEPTFYGREMVAIPSAHLAAGFPLSEVGRPLEDHEIVRFNRPAVEQDGEALVGVVSAIDHPFGNVWTNIHRTDLEKAGIGYGARLRLTLDGVLPFEAPLTPTFADAGEIGNIAIYLNSRGYLSIARNAASLAYPYHLKEGMSARVEPIIAFMSDLGTTDDSVAQCKGLMYSICPDVTVVDVCXSMTPWDVEEGARYIVDLPRFFPEGTVFATTTYPATGTTTRSVAVRIKQAAKGGARGQWAGSGAGFERAEGSYIYIAPNNGLLTTVLEEHGYLEAYEVTSPKVIPEQPEPTFYGREMVAIPSAHLAAGFPLSEVGRPLEDHEIVRFNRPAVEQDGEALVGVVSAIDHPFGNVWTNIHRTDLEKAGIGYGARLRLTLDGVLPFEAPLTPTFADAGEIGNIAIYLNSRGYLSIARNAASLAYPYHLKEGMSARVEPIIAFMSDLGTTDDSVAQCKGLMYSICPDVTVVDVCHSMTPWDVEEGARYIVDLPRFFPEGTVFATTTYPATGTTTRSVAVRIKQAAKGGARGQWAGSGAGFERAEGSYIYIAPNNGLLTTVLEEHGYLEAYEVTSPKVIPEQPEPTFYGREMVAIPSAHLAAGFPLSEVGRPLEDHEIVRFNRPAVEQDGEALVGVVSAIDHPFGNVWTNIHRTDLEKAGIGYGARLRLTLDGVLPFEAPLTPTFADAGEIGNIAIYLNSRGYLSIARNAASLAYPYHLKEGMSARVEPIIAFMSDLGTTDDSVAQCKGLMYSICPDVTVVDVCHSMTPWDVEEGARYIVDLPRFFPEGTVFATTTYPATGTTTRSVAVRIKQAAKGGARGQWAGSGAGFERAEGSYIYIAPNNGLLTTVLEEHGYLEAYEVTSPKVIPEQPEPTFYGREMVAIPSAHLAAGFPLSEVGRPLEDHEIVRFNRPAVEQDGEALVGVVSAIDHPFGNVWTNIHRTDLEKAGIGYGARLRLTLDGVLPFEAPLTPTFADAGEIGNIAIYLNSRGYLSIARNAASLAYPYHLKEGMSARVEPIIAFMSDLGTTDDSVAQCKGLMYSICPDVTVVDVCHSMTPWDVEEGARYIVDLPRFFPEGTVFATTTYPATGTTTRSVAVRIKQAAKGGARGQWAGSGAGFERAEGSYIYIAPNNGLLTTVLEEHGYLEAYEVTSPKVIPEQPEPTFYGREMVAIPSAHLAAGFPLSEVGRPLEDHEIVRFNRPAVEQDGEALVGVVSAIDHPFGNVWTNIHRTDLEKAGIGYGARLRLTLDGVLPFEAPLTPTFADAGEIGNIAIYLNSRGYLSIARNAASLAYPYHLKEGMSARVE","NC1NCNC2C1NCN2[C@@H]1O[C@H](CSCC[C@H]([NH3+])C(O)O)[C@@H](O)[C@H]1O","NC1NCNC2C1NCN2[C@@H]1O[C@H](CSCC[C@H]([NH3+])C(O)O)[C@@H](O)[C@H]1O",7.48
"2v7u","PIIAFMSDLGTTDDSVAQCKGLMYSICPDVTVVDVCHSMTPWDVEEGARYIVDLPRFFPEGTVFATTTYPATGTTTRSVAVRIKQAAKGGARGQWAGSGAGFERAEGSYIYIAPNNGLLTTVLEEHGYLEAYEVTSPKVIPEQPEPTFYGREMVAIPSAHLAAGFPLSEVGRPLEDHEIVRFNRPAVEQDGEALVGVVSAIDXPFGNVWTNIHRTDLEKAGIGYGARLRLTLDGVLPFEAPLTPTFADAGEIGNIAIYLNSRGYLSIARNAASLAYPYHLKEGMSARVEPIIAFMSDLGTTDDSVAQCKGLMYSICPDVTVVDVCHSMTPWDVEEGARYIVDLPRFFPEGTVFATTTYPATGTTTRSVAVRIKQAAKGGARGQWAGSGAGFERAEGSYIYIAPNNGLLTTVLEEHGYLEAYEVTSPKVIPEQPEPTFYGREMVAIPSAHLAAGFPLSEVGRPLEDHEIVRFNRPAVEQDGEALVGVVSAIDHPFGNVWTNIHRTDLEKAGIGYGARLRLTLDGVLPFEAPLTPTFADAGEIGNIAIYLNSRGYLSIARNAASLAYPYHLKEGMSARVEPIIAFMSDLGTTDDSVAQCKGLMYSICPDVTVVDVCHSMTPWDVEEGARYIVDLPRFFPEGTVFATTTYPATGTTTRSVAVRIKQAAKGGARGQWAGSGAGFERAEGSYIYIAPNNGLLTTVLEEHGYLEAYEVTSPKVIPEQPEPTFYGREMVAIPSAHLAAGFPLSEVGRPLEDHEIVRFNRPAVEQDGEALVGVVSAIDHPFGNVWTNIHRTDLEKAGIGYGARLRLTLDGVLPFEAPLTPTFADAGEIGNIAIYLNSRGYLSIARNAASLAYPYHLKEGMSARVEPIIAFMSDLGTTDDSVAQCKGLMYSICPDVTVVDVCHSMTPWDVEEGARYIVDLPRFFPEGTVFATTTYPATGTTTRSVAVRIKQAAKGGARGQWAGSGAGFERAEGSYIYIAPNNGLLTTVLEEHGYLEAYEVTSPKVIPEQPEPTFYGREMVAIPSAHLAAGFPLSEVGRPLEDHEIVRFNRPAVEQDGEALVGVVSAIDHPFGNVWTNIHRTDLEKAGIGYGARLRLTLDGVLPFEAPLTPTFADAGEIGNIAIYLNSRGYLSIARNAASLAYPYHLKEGMSARVEPIIAFMSDLGTTDDSVAQCKGLMYSICPDVTVVDVCHSMTPWDVEEGARYIVDLPRFFPEGTVFATTTYPATGTTTRSVAVRIKQAAKGGARGQWAGSGAGFERAEGSYIYIAPNNGLLTTVLEEHGYLEAYEVTSPKVIPEQPEPTFYGREMVAIPSAHLAAGFPLSEVGRPLEDHEIVRFNRPAVEQDGEALVGVVSAIDHPFGNVWTNIHRTDLEKAGIGYGARLRLTLDGVLPFEAPLTPTFADAGEIGNIAIYLNSRGYLSIARNAASLAYPYHLKEGMSARVEPIIAFMSDLGTTDDSVAQCKGLMYSICPDVTVVDVCHSMTPWDVEEGARYIVDLPRFFPEGTVFATTTYPATGTTTRSVAVRIKQAAKGGARGQWAGSGAGFERAEGSYIYIAPNNGLLTTVLEEHGYLEAYEVTSPKVIPEQPEPTFYGREMVAIPSAHLAAGFPLSEVGRPLEDHEIVRFNRPAVEQDGEALVGVVSAIDHPFGNVWTNIHRTDLEKAGIGYGARLRLTLDGVLPFEAPLTPTFADAGEIGNIAIYLNSRGYLSIARNAASLAYPYHLKEGMSARVE","C[S@@H](CC[C@H]([NH3+])C(O)O)C[C@H]1O[C@@H](N2CNC3C(N)NCNC32)[C@H](O)[C@@H]1O","C[S@@H](CC[C@H]([NH3+])C(O)O)C[C@H]1O[C@@H](N2CNC3C(N)NCNC32)[C@H](O)[C@@H]1O",5.9
"2v7v","PIIAFMSDLGTTDDSVAQCKGLMYSICPDVTVVDVCHSMTPWDVEEGARYIVDLPRFFPEGTVFATTTYPATGTTTRSVAVRIKQAAKGGARGQWAGSGAGFERAEGSYIYIAPNNGLLTTVLEEHGYLEAYEVTSPKVIPEQPEPTFYSREMVAIPSAHLAAGFPLSEVGRPLEDHEIVRFNRPAVEQDGEALVGVVSAIDHPFGNVWTNIHRTDLEKAGIGYGARLRLTLDGVLPFEAPLTPTFADAGEIGNIAIYLNSRGYLSIARNAASLAYPYHLKEGMSARVEPIIAFMSDLGTTDDSVAQCKGLMYSICPDVTVVDVCHSMTPWDVEEGARYIVDLPRFFPEGTVFATTTYPATGTTTRSVAVRIKQAAKGGARGQWAGSGAGFERAEGSYIYIAPNNGLLTTVLEEHGYLEAYEVTSPKVIPEQPEPTFYSREMVAIPSAHLAAGFPLSEVGRPLEDHEIVRFNRPAVEQDGEALVGVVSAIDHPFGNVWTNIHRTDLEKAGIGYGARLRLTLDGVLPFEAPLTPTFADAGEIGNIAIYLNSRGYLSIARNAASLAYPYHLKEGMSARVEPIIAFMSDLGTTDDSVAQCKGLMYSICPDVTVVDVCHSMTPWDVEEGARYIVDLPRFFPEGTVFATTTYPATGTTTRSVAVRIKQAAKGGARGQWAGSGAGFERAEGSYIYIAPNNGLLTTVLEEHGYLEAYEVTSPKVIPEQPEPTFYSREMVAIPSAHLAAGFPLSEVGRPLEDHEIVRFNRPAVEQDGEALVGVVSAIDHPFGNVWTNIHRTDLEKAGIGYGARLRLTLDGVLPFEAPLTPTFADAGEIGNIAIYLNSRGYLSIARNAASLAYPYHLKEGMSARVEPIIAFMSDLGTTDDSVAQCKGLMYSICPDVTVVDVCHSMTPWDVEEGARYIVDLPRFFPEGTVFATTTYPATGTTTRSVAVRIKQAAKGGARGQWAGSGAGFERAEGSYIYIAPNNGLLTTVLEEHGYLEAYEVTSPKVIPEQPEPTFYSREMVAIPSAHLAAGFPLSEVGRPLEDHEIVRFNRPAVEQDGEALVGVVSAIDHPFGNVWTNIHRTDLEKAGIGYGARLRLTLDGVLPFEAPLTPTFADAGEIGNIAIYLNSRGYLSIARNAASLAYPYHLKEGMSARVEPIIAFMSDLGTTDDSVAQCKGLMYSICPDVTVVDVCHSMTPWDVEEGARYIVDLPRFFPEGTVFATTTYPATGTTTRSVAVRIKQAAKGGARGQWAGSGAGFERAEGSYIYIAPNNGLLTTVLEEHGYLEAYEVTSPKVIPEQPEPTFYSREMVAIPSAHLAAGFPLSEVGRPLEDHEIVRFNRPAVEQDGEALVGVVSAIDHPFGNVWTNIHRTDLEKAGIGYGARLRLTLDGVLPFEAPLTPTFADAGEIGNIAIYLNSRGYLSIARNAASLAYPYHLKEGMSARVEPIIAFMSDLGTTDDSVAQCKGLMYSICPDVTVVDVCHSMTPWDVEEGARYIVDLPRFFPEGTVFATTTYPATGTTTRSVAVRIKQAAKGGARGQWAGSGAGFERAEGSYIYIAPNNGLLTTVLEEHGYLEAYEVTSPKVIPEQPEPTFYSREMVAIPSAHLAAGFPLSEVGRPLEDHEIVRFNRPAVEQDGEALVGVVSAIDHPFGNVWTNIHRTDLEKAGIGYGARLRLTLDGVLPFEAPLTPTFADAGEIGNIAIYLNSRGYLSIARNAASLAYPYHLKEGMSARVE","NC1NCNC2C1NCN2[C@@H]1O[C@H](CF)[C@@H](O)[C@H]1O","NC1NCNC2C1NCN2[C@@H]1O[C@H](CF)[C@@H](O)[C@H]1O",6.66
"2v8q","MAWHLGIRSQSRPNDIMAEVCRAIKQLDYEWKVVNPYYLRVRRKNPVTSTFSKMSLQLYQVDSRTYLLDFRSIDDEVAPRPGSHTIEFFEMCANLIKILAQEMYAFRSEERFKSPPILPPHLLQVILNKDTNPNHVMLNHLYALSIKDSVMVLSATHRYKKKYVTTLLYKPNSSVYTTFMKSHRCYDLIPTSSKLVVFDTSLQVKKAFFALVTNGVRAAPLWDSKKQSFVGMLTITDFINILHRYYKSALVQIYELEEHKIETWREVYLQDSFKPLVCISPNASLFDAVSSLIRNKIHRLPVIDPESGNTLYILTHKRILKFLKLFITEFPKPEFMSKSLEELQIGTYANIAMVRTTTPVYVALGIFVQHRVSALPVVDEKGRVVDIYSKFDVINLAAEKTYNNLDVSVTKALQHRSHYFEGVLKCYLHETLEAIINRLVEAEVHRLVVVDEHDVVKGIVSLSDILQALVLTG","NC1NCNC2C1NCN2[C@@H]1O[C@H](CO[PH](O)(O)O)[C@@H](O)[C@H]1O","NC1NCNC2C1NCN2[C@@H]1O[C@H](CO[PH](O)(O)O)[C@@H](O)[C@H]1O",4.61
"2v8y","HYIKHPLQNRWALWFFKNDKSKTWQANLRLISKFDTVEDFWALYNHIQLSSNLMPGCDYSLFKDGIEPMWEDEKNKRGGRWLITLNKQQRRSDLDRFWLETLLCLIGESFDDYSDDVCGAVVNVRAKGDKIAIWTTECENREAVTHIGRVYKERLGLPPKIVIGYQSHADTATTKNRFVIIYDRKFLMECRIKHPLQNRWALWFFKNDKSKTWQANLRLISKFDTVEDFWALYNHIQLSSNLMPGCDYSLFKDGIEPMWEDEKNKRGGRWLITLNKQQRRSDLDRFWLETLLCLIGESFDDYSDDVCGAVVNVRAKGDKIAIWTTECENREAVTHIGRVYKERLGLPPKIVIGYQSHADTTTKNRFVIIYDRKFLMECR","NC1NC(O)C2C(N1)N([C@@H]1O[C@H](CO[PH](O)(O)O)[C@@H](O)[C@H]1O)CN2CC1CCC(F)CC1","NC1NC(O)C2C(N1)N([C@@H]1O[C@H](CO[PH](O)(O)O)[C@@H](O)[C@H]1O)CN2CC1CCC(F)CC1",5.71
"2vhw","RVGIPTETKNNEFRVAITPAGVAELTRRGHEVLIQAGAGEGSAITDADFKAAGAQLVGTADQVWADADLLLKVKEPIAAEYGRLRHGQILFTFLHLAASRACTDALLDSGTTSIAYETVQTADGALPLLAPMSEVAGRLAAQVGAYHLMRTQGGRGVLMGGVPGVEPADVVVIGAGTAGYNAARIANGMGATVTVLDINIDKLRQLDAEFCGRIHTRYSSAYELEGAVKRADLVIGAVLVPGAKAPKLVSNSLVAHMKPGAVLVDIAIDQGGCFEGSRPTTYDHPTFAVHDTLFYCVANMPASVPKTSTYALTNATMPYVLELADHGWRAACRSNPALAKGLSTHEGALLSERVATDLGVPFTEPASVLRVGIPTETKNNEFRVAITPAGVAELTRRGHEVLIQAGAGEGSAITDADFKAAGAQLVGTADQVWADADLLLKVKEPIAAEYGRLRHGQILFTFLHLAASRACTDALLDSGTTSIAYETVQTADGALPLLAPMSEVAGRLAAQVGAYHLMRTQGGRGVLMGGVPGVEPADVVVIGAGTAGYNAARIANGMGATVTVLDINIDKLRQLDAEFCGRIHTRYSSAYELEGAVKRADLVIGAVLVPGAKAPKLVSNSLVAHMKPGAVLVDIAIDQGGCFEGSRPTTYDHPTFAVHDTLFYCVANMPASVPKTSTYALTNATMPYVLELADHGWRAACRSNPALAKGLSTHEGALLSERVATDLGVPFTEPASVRVGIPTETKNNEFRVAITPAGVAELTRRGHEVLIQAGAGEGSAITDADFKAAGAQLVGTADQVWADADLLLKVKEPIAAEYGRLRHGQILFTFLHLAASRACTDALLDSGTTSIAYETVQTADGALPLLAPMSEVAGRLAAQVGAYHLMRTQGGRGVLMGGVPGVEPADVVVIGAGTAGYNAARIANGMGATVTVLDINIDKLRQLDAEFCGRIHTRYSSAYELEGAVKRADLVIGAVLVPGAKAPKLVSNSLVAHMKPGAVLVDIAIDQGGCFEGSRPTTYDHPTFAVHDTLFYCVANMPASVPKTSTYALTNATMPYVLELADHGWRAACRSNPALAKGLSTHEGALLSERVATDLGVPFTEPASVLRVGIPTETKNNEFRVAITPAGVAELTRRGHEVLIQAGAGEGSAITDADFKAAGAQLVGTADQVWADADLLLKVKEPIAAEYGRLRHGQILFTFLHLAASRACTDALLDSGTTSIAYETVQTADGALPLLAPMSEVAGRLAAQVGAYHLMRTQGGRGVLMGGVPGVEPADVVVIGAGTAGYNAARIANGMGATVTVLDINIDKLRQLDAEFCGRIHTRYSSAYELEGAVKRADLVIGAVLVPGAKAPKLVSNSLVAHMKPGAVLVDIAIDQGGCFEGSRPTTYDHPTFAVHDTLFYCVANMPASVPKTSTYALTNATMPYVLELADHGWRAACRSNPALAKGLSTHEGALLSERVATDLGVPFTEPASVRVGIPTETKNNEFRVAITPAGVAELTRRGHEVLIQAGAGEGSAITDADFKAAGAQLVGTADQVWADADLLLKVKEPIAAEYGRLRHGQILFTFLHLAASRACTDALLDSGTTSIAYETVQTADGALPLLAPMSEVAGRLAAQVGAYHLMRTQGGRGVLMGGVPGVEPADVVVIGAGTAGYNAARIANGMGATVTVLDINIDKLRQLDAEFCGRIHTRYSSAYELEGAVKRADLVIGAVLVPGAKAPKLVSNSLVAHMKPGAVLVDIAIDQGGCFEGSRPTTYDHPTFAVHDTLFYCVANMPASVPKTSTYALTNATMPYVLELADHGWRAACRSNPALAKGLSTHEGALLSERVATDLGVPFTEPASVLAHRVGIPTETKNNEFRVAITPAGVAELTRRGHEVLIQAGAGEGSAITDADFKAAGAQLVGTADQVWADADLLLKVKEPIAAEYGRLRHGQILFTFLHLAASRACTDALLDSGTTSIAYETVQTADGALPLLAPMSEVAGRLAAQVGAYHLMRTQGGRGVLMGGVPGVEPADVVVIGAGTAGYNAARIANGMGATVTVLDINIDKLRQLDAEFCGRIHTRYSSAYELEGAVKRADLVIGAVLVPGAKAPKLVSNSLVAHMKPGAVLVDIAIDQGGCFEGSRPTTYDHPTFAVHDTLFYCVANMPASVPKTSTYALTNATMPYVLELADHGWRAACRSNPALAKGLSTHEGALLSERVATDLGVPFTEPASVLAH","NC1NCNC2C1NCN2[C@@H]1O[C@H](CO[PH](O)(O)O[PH](O)(O)OC[C@H]2O[C@@H](N3CCC[C@H](C(N)O)C3)[C@H](O)[C@@H]2O)[C@@H](O)[C@H]1O","NC1NCNC2C1NCN2[C@@H]1O[C@H](CO[PH](O)(O)O[PH](O)(O)OC[C@H]2O[C@@H](N3CCC[C@H](C(N)O)C3)[C@H](O)[C@@H]2O)[C@@H](O)[C@H]1O",5.09
"2vkm","SFVEMVDNLRGKSGQGYYVEMTVGSPPQTLNILVDTGSSNFAVGAAPHPFLHRYYQRQLSSTYRDLRKGVYVPYTQGKWEGELGTDLVSIPHGPNVTVRANIAAITESDKFFINGSNWEGILGLAYAEIARPDDSLEPFFDSLVKQTHVPNLFSLQLXGAGFPLNQSEVLASVGGSMIIGGIDHSLYTGSLWYTPIRREWYYEVIIVRVEINGQDLKMDXKEYNYDKSIVDSGTTNLRLPKKVFEAAVKSIKAASSTEKFPDGFWLGEQLVXWQAGTTPWNIFPVISLYLMGEVTNQSFRITILPQQYLRPVEDVATSQDDXYKFAISQSSTGTVMGAVIMEGFYVVFDRARKRIGFAVSAXHVHDEFRTAAVEGPFVTLDMEDXGY","COC1CCCC(C[NH2+]C[C@@H](O)[C@H](CC2CCCCC2)NC(O)C2CC(C(O)N[C@H](C)C3CCCCC3)CC(N(C)S(C)(O)O)C2)C1","COC1CCCC(C[NH2+]C[C@@H](O)[C@H](CC2CCCCC2)NC(O)C2CC(C(O)N[C@H](C)C3CCCCC3)CC(N(C)S(C)(O)O)C2)C1",8.74
"2vw5","ASETFEFQAEITQLMSLIINTVYSNKEIFLRELISNASDALDKIRYKSLSDPKQLETEPDLFIRITPKPEQKVLEIRDSGIGMTKAELINNLGTIAKSGTKAFMEALSAGADVSMIGQFGVGFYSLFLVADRVQVISKSNDDEQYIWESNAGGSFTVTLDEVNERIGRGTILRLFLKDDQLEYLEEKRIKEVIKRHSEFVAYPIQLVVTKEV","CO[C@H]1C[C@H](C)CC2CC(O)CC(C2)NC(O)[C@@H](C)CCC[C@H](C)[C@@H](OC(N)O)C(C)C[C@H](C)[C@H]1O","CO[C@H]1C[C@H](C)CC2CC(O)CC(C2)NC(O)[C@@H](C)CCC[C@H](C)[C@@H](OC(N)O)C(C)C[C@H](C)[C@H]1O",8.52
"2z8f","DGGVVNITYMXRLPDSEGMTLVNDIVAKWNKQXPDIQVKATKFDGKASDMIKKLETDVKSGEAPDLAQVGYAELPEVFTKGLLQDVTQYAEQYKNDFASGPYSLVQVGGKAYGLPQDTGPLVYFYNKAEFEKLGITEIPQTADEFIAAAKTAAAAGKYIMSYQPDEAGNMISGLAGASGGWYKVKGDSWVVNTETDGSKATADFYQQLLDAKAATTNPRWDPSFDASIKDGSLIGTVAAAWEAPLFMTSSGGTGSGEWQVAQLGDWFGNAGKTGPDGGSAVAVLKNSKXPKEAMEFLDWFNTQVPDLVSQGLVPAATTEDAETPSEWSTFFGGQDIMKEFKTANNNMGDFTYMPGFSAVAAKMNETAAKATDGSGKVADIFSDAQTTSVDTLKNFGLSV","CC(O)N[C@H]1[C@H](O[C@H]2[C@@H](O)[C@@H](CO)O[C@@H](O[C@@H]3[C@@H](CO)O[C@@H](O)[C@H](O)[C@H]3O)[C@@H]2O)O[C@H](CO)[C@@H](O)[C@@H]1O[C@@H]1O[C@H](CO)[C@H](O)[C@H](O)[C@H]1O","CC(O)N[C@H]1[C@H](O[C@H]2[C@@H](O)[C@@H](CO)O[C@@H](O[C@H]3[C@H](O)[C@@H](O)[C@H](O)O[C@@H]3CO)[C@@H]2O)O[C@H](CO)[C@@H](O)[C@@H]1O[C@@H]1O[C@H](CO)[C@H](O)[C@H](O)[C@H]1O",4.96
"2zlz","TQYIGRFAPSPSGELHFGSLIAALGSYLQARARQGRWLVRIEDIDPPREVPGAAETILRQLEHYGLHWDGDVLWQSQRHDAYREALAWLHEQGLSYYXTXTRARIQSIGGIYDGXXRVLHHGPDNAAVRIRQQHPVTQFTDQLRGIIHADEKLAREDFIIHRRDGLFAYNLAVVVDDHFQGVTEIVRGADLIEPTVRQISLYQLFGWKVPDYIHLPLALNPQGAKLSKQNHAPALPKGDPRPVLIAALQFLGQQAEAHWQDFSVEQILQSAVKNWRLTAVPESAIVNSTFSNAS","[NH3+][C@@H](CCC(O)O)C(O)O","[NH3+][C@@H](CCC(O)O)C(O)O",2.68
"3bgz","LESQYQVGPLLGSGGFGSVYSGIRVSDNLPVAIKHVEKDRISDWGERVPMEVVLLKKVSSGFSGVIRLLDWFERPDSFVLILERPEPVQDLFDFITERGALQEELARSFFWQVLEAVRHCHNCGVLHRDIKDENILIDLNRGELKLIDFGSGALLKDTVYTDFDGTRVYSPPEWIRYHRYHGRSAAVWSLGILLYDMVCGDIPFEHDEEIIRGQVFFRQRVSXECQHLIRWCLALRPSDRPTFEEIQNHPWMQDVLLPQETAEIHL","OC(O)[C@H]1CCCC2C1NC(C1CCCCC1)[C@@H]2C1CCCCC1","OC(O)[C@H]1CCCC2C1NC(C1CCCCC1)[C@@H]2C1CCCCC1",6.26
"3c7i","KPHPWFFGKIPRAKAEEMLSKQRHDGAFLIRESESAPGDFSLSVKFGNDVQXFKVLRDGAGKYFLWVVKFNSLNELVDYHRSTSVSRNQQIFLRDIEQVKPHPWFFGKIPRAKAEEMLSKQRHDGAFLIRESESAPGDFSLSVKFGNDVQHFKVLRDGAGKYFLWVVKFNSLNELVDYHRSTSVSRNQQIFLRDIEQV","CNC(O)C[C@@H](C[C@H]1CC[C@@H](O[PH](O)(O)O)CC1)C(O)N[C@@H](C(C)C)C(O)N[C@@H](CC(N)O)C(N)O","CNC(O)C[C@@H](C[C@H]1CC[C@@H](O[PH](O)(O)O)CC1)C(O)N[C@@H](C(C)C)C(O)N[C@@H](CC(N)O)C(N)O",5.64
"3e92","ERPTFYRQELNKTIWEVPERYQNLSPVGSGAYGSVCAAFDTKTGLRVAVKKLSRPFQSIIHAKRTYRELRLLKHMKHENVIGLLDVFTPARSLEEFNDVYLVTHLMGADLNNIVKCQKLTDDHVQFLIYQILRGLKYIHSADIIHRDLKPSNLAVNEDCELKILDFGLAHTDDEMTGYVATRWYRAPEIMLNWMHYNQTVDIWSVGCIMAELLTGRTLFPGTDHIDQLKLILRLVGTPGAELLKKISSESARNYIQSLTQMPKMNFANVFIGANPLAVDLLEKMLVLDSDKRITAAQALAHAYFAQYHDPDDEPVADPYDQSFESRDLLIDEWKSLTYDEVISFVPP","CC1NNC(C2CCC(C3CC([C@@H](O)NC4CC4)CCC3C)C(C)C2)O1","CC1NNC(C2CCC(C3CC([C@@H](O)NC4CC4)CCC3C)C(C)C2)O1",8.
"3ene","EESQAFQRQLTALIGYDVTDVSNVHDDELEFTRRGLVTPRMAEVASRDPKLYAMHPWVTSKPLPEYLWKKIANNCIFIVIHRSTTSQTIKVSPDDTPGAILQSFFTKMAKQDFVLRVCGRDEYLVGETPIKNFQWVRHCLKNGEEIHVVLDTPPDPALDEVRKEEWCDRKFRVKIRGIDIPVLPRNTDLTVFVEANIQHGQQVLCQRRTSPKPFTEEVLWNVWLEFSIKIKDLPKGALLNLQIYCRLLYYVNLLLIDHRFLLRRGEYVLHMWQISGFNADKLTSATNPDKENSMSISILLDNHPIARAEMPNQLRKQLEAIIATDPLNPLTAEDKELLWHFRYESLKHPKAYPKLFSSVKWGQQEIVAKTYQLLARREVWDQSALDVGLTMQLLDCNFSDENVRAIAVQKLESLEDDDVLHYLLQLVQAVKFEPYHDSALARFLLKRGLRNKRIGHFLFWFLRSEIAQSRHYQQRFAVILEAYLRGCGTAMLHDFTQQVQVIEMLQKVTLDIKSLSAEKYDVSSQVISQLKQKLENLQNSQLPESFRVPYDPGLKAGALAIEKCKVMASKKKPLWLEFKCADPTALSNETIGIIFKHGDDLRQDMLILQILRIMESIWETESLDLCLLPYGCISTGDKIGMIEIVKDATTIAKIQQSTVGNTGAFKDEVLNHWLKEKSPTEEKFQAAVERFVYSCAGYCVATFVLGIGDRHNDNIMITETGNLFHIDFGHERVPFVLTPDFLFVMGTSGKKTSPHFQKFQDICVKAYLALRHHTNLLIILFSMMLMTGMPQLTSKEDIEYIRDALTVGKNEEDAKKYFLDQIEVCRDKGWTVQFNWFLHLV","CN1N[C@@H](C2CCC3CCCCC3C2)C2C(N)NCNC21","CN1N[C@@H](C2CCC3CCCCC3C2)C2C(N)NCNC21",6.24
"3f3d","EHWATRLGLILAMAGNAVGLGNFLRFPVQAAENGGGAFMIPYIIAFLLVGIPLMWIEWAMGRYGGAQGHGTTPAIFYLLWRNRFAKILGVFGLWIPLVVAIYYVYIESWTLGFAIKFLVGLVPEPPPTDPDSILRPFKEFLYSYIGVPKGDEPILKPSLFAYIVFLITMFINVSILIRGISKGIERFAKIAMPTLFILAVFLVIRVFLLETPNGTAADGLNFLWTPDFEKLKDPGVWIAAVGQIFFTLSLGFGAIITYASYVRKDQDIVLSGLTAATLNEKAEVILGGSISIPAAVAFFGVANAVAIAKAGAFNLGFITLPAIFSQTAGGTFLGFLWFFLLFFAGLTSSIAIMQPMIAFLEDELKLSRKHAVLWTAAIVFFSAHLVMFLNKSLDEMDFWAGTIGVVFFGLTELIIFFWIFGADKAWEEINRGGIIKVPRIYYYVMRYITPAFLAVLLVVWAREYIPKIMEETHWTVWITRFYIIGLFLFLTFLVFLAERRRNHESAGEHWATRLGLILAMAGNAVGLGNFLRFPVQAAENGGGAFMIPYIIAFLLVGIPLMWIEWAMGRYGGAQGHGTTPAIFYLLWRNRFAKILGVFGLWIPLVVAIYYVYIESWTLGFAIKFLVGLVPEPPPTDPDSILRPFKEFLYSYIGVPKGDEPILKPSLFAYIVFLITMFINVSILIRGISKGIERFAKIAMPTLFILAVFLVIRVFLLETPNGTAADGLNFLWTPDFEKLKDPGVWIAAVGQIFFTLSLGFGAIITYASYVRKDQDIVLSGLTAATLNEKAEVILGGSISIPAAVAFFGVANAVAIAKAGAFNLGFITLPAIFSQTAGGTFLGFLWFFLLFFAGLTSSIAIMQPMIAFLEDELKLSRKHAVLWTAAIVFFSAHLVMFLNKSLDEMDFWAGTIGVVFFGLTELIIFFWIFGADKAWEEINRGGIIKVPRIYYYVMRYITPAFLAVLLVVWAREYIPKIMEETHWTVWITRFYIIGLFLFLTFLVFLAERRRNHESAG","CSCC[C@H]([NH3+])C(O)O","CSCC[C@H]([NH3+])C(O)O",6.63
"3f4j","EHWATRLGLILAMAGNAVGLGNFLRFPVQAAENGGGAFMIPYIIAFLLVGIPLMWIEWAMGRYGGAQGHGTTPAIFYLLWRNRFAKILGVFGLWIPLVVAIYYVYIESWTLGFAIKFLVGLVPEPPPTDPDSILRPFKEFLYSYIGVPKGDEPILKPSLFAYIVFLITMFINVSILIRGISKGIERFAKIAMPTLFILAVFLVIRVFLLETPNGTAADGLNFLWTPDFEKLKDPGVWIAAVGQIFFTLSLGFGAIITYASYVRKDQDIVLSGLTAATLNEKAEVILGGSISIPAAVAFFGVANAVAIAKAGAFNLGFITLPAIFSQTAGGTFLGFLWFFLLFFAGLTSSIAIMQPMIAFLEDELKLSRKHAVLWTAAIVFFSAHLVMFLNKSLDEMDFWAGTIGVVFFGLTELIIFFWIFGADKAWEEINRGGIIKVPRIYYYVMRYITPAFLAVLLVVWAREYIPKIMEETHWTVWITRFYIIGLFLFLTFLVFLAERRRNHESAG","[NH3+]CC(O)O","[NH3+]CC(O)O",3.49
